INSERT INTO pessoa (cpf,nome) VALUES ('25672725007','Lucas Oliveira Correia');
INSERT INTO pessoa (cpf,nome) VALUES ('12562094069','Paulo Costa Azevedo');
INSERT INTO pessoa (cpf,nome) VALUES ('67228546040','Caio Correia Martins');
INSERT INTO pessoa (cpf,nome) VALUES ('40857688081','Martim Cavalcanti Almeida');
INSERT INTO pessoa (cpf,nome) VALUES ('63586631006','Paulo Carvalho Lima');
INSERT INTO pessoa (cpf,nome) VALUES ('96515507089','Eduarda Goncalves Silva');
INSERT INTO pessoa (cpf,nome) VALUES ('70693785055','Douglas Cunha Martins');
INSERT INTO pessoa (cpf,nome) VALUES ('72901401090','Marisa Castro Fernandes');
INSERT INTO pessoa (cpf,nome) VALUES ('79336210076','Rafael Almeida Ribeiro');
INSERT INTO pessoa (cpf,nome) VALUES ('25422891074','Bianca Cunha Gomes');
INSERT INTO pessoa (cpf,nome) VALUES ('12479570045','Bruna Cunha Rodrigues');
INSERT INTO pessoa (cpf,nome) VALUES ('51388983028','Luan Rocha Sousa');
INSERT INTO pessoa (cpf,nome) VALUES ('91824783094','Thais Barros Alves');
INSERT INTO pessoa (cpf,nome) VALUES ('50768908000','Amanda Ribeiro Rocha');
INSERT INTO pessoa (cpf,nome) VALUES ('49415932007','Nicolas Castro Alves');
INSERT INTO pessoa (cpf,nome) VALUES ('74468304090','Kauan Rocha Dias');
INSERT INTO pessoa (cpf,nome) VALUES ('69701823044','Felipe Barbosa Gomes');
INSERT INTO pessoa (cpf,nome) VALUES ('96220527038','Melissa Rodrigues Ribeiro');
INSERT INTO pessoa (cpf,nome) VALUES ('15422938046','Lara Goncalves Melo');
INSERT INTO pessoa (cpf,nome) VALUES ('95259466063','Gabrielly Cardoso Sousa');
INSERT INTO pessoa (cpf,nome) VALUES ('28099786033','Bonnie J. Sharpe');
INSERT INTO pessoa (cpf,nome) VALUES ('01262277051','Alice Sousa Pinto');
INSERT INTO pessoa (cpf,nome) VALUES ('96364634095','Thaís Alves Correia');


INSERT INTO endereco_pessoa (cpf_pessoa,cep,bairro,complemento,numero,rua,estado,pais,cidade) VALUES ('74468304090','35365-970','Casa forte','Em frente ao supermercado multidão',12,'Rua Doutor Custódio de Paula Rodrigues 19','MG','Brasil','Abre Campo');
INSERT INTO endereco_pessoa (cpf_pessoa,cep,bairro,complemento,numero,rua,estado,pais,cidade) VALUES ('69701823044','62695-973','Centro','Perto da orla',69,'Praça da Matriz, s/n','CE','Brasil','Mundau');
INSERT INTO endereco_pessoa (cpf_pessoa,cep,bairro,complemento,numero,rua,estado,pais,cidade) VALUES ('96220527038','53409-380','Jardim Paulista','Casa duplex',25,'Rua Daniel Delso','PE','Brasil','Paulista');
INSERT INTO endereco_pessoa (cpf_pessoa,cep,bairro,complemento,numero,rua,estado,pais,cidade) VALUES ('15422938046','50710-200','Torre','Condominio Bemdevida',105,'Rua Professor Trajano de Mendonça','PE','Brasil','Recife');
INSERT INTO endereco_pessoa (cpf_pessoa,cep,bairro,complemento,numero,rua,estado,pais,cidade) VALUES ('95259466063','03187-010','Vila Bertioga','2 andar',64,'Rua Piraçununga','SP','Brasil','São Paulo');
INSERT INTO endereco_pessoa (cpf_pessoa,cep,bairro,complemento,numero,rua,estado,pais,cidade) VALUES ('25672725007','78117-370','Jardim Cearense','3 andar',21,'Rua Paraíba','MG','Brasil','Aracaju');
INSERT INTO endereco_pessoa (cpf_pessoa,cep,bairro,complemento,numero,rua,estado,pais,cidade) VALUES ('12562094069','70374-000','Jardim das Oliveiras','4 andar',7,'Rua Raimundo Cantuária','MG','Brasil','Porto Alegre');
INSERT INTO endereco_pessoa (cpf_pessoa,cep,bairro,complemento,numero,rua,estado,pais,cidade) VALUES ('67228546040','69921-560','Comendador Reis','5 andar',36,'Rua Homero','MG','Brasil','Boa Vista');
INSERT INTO endereco_pessoa (cpf_pessoa,cep,bairro,complemento,numero,rua,estado,pais,cidade) VALUES ('40857688081','54410-681','Morro Alto','6 andar',30,'Rua Olinda','MG','Brasil','João Pessoa');
INSERT INTO endereco_pessoa (cpf_pessoa,cep,bairro,complemento,numero,rua,estado,pais,cidade) VALUES ('63586631006','76913-239','Loteamento Monte Líbano','7 andar',62,'Travessa K','PE','Brasil','Boa Vista');
INSERT INTO endereco_pessoa (cpf_pessoa,cep,bairro,complemento,numero,rua,estado,pais,cidade) VALUES ('96515507089','75903-002','Vila Doutor Laurindo','8 andar',45,'Rua Gustavo Zeck','PE','Brasil','Parnaíba');
INSERT INTO endereco_pessoa (cpf_pessoa,cep,bairro,complemento,numero,rua,estado,pais,cidade) VALUES ('70693785055','49070-076','Tirol','9 andar',63,'Travessa Nova Europa','PE','Brasil','Arapiraca');
INSERT INTO endereco_pessoa (cpf_pessoa,cep,bairro,complemento,numero,rua,estado,pais,cidade) VALUES ('72901401090','79072-252','Jardim das Seringueiras','10 andar',12,'Rua Cavaleiro da Rosa','PE','Brasil','Feira de Santana');
INSERT INTO endereco_pessoa (cpf_pessoa,cep,bairro,complemento,numero,rua,estado,pais,cidade) VALUES ('79336210076','59052-060','Benedito Bentes','11 andar',7,'Rua Mirabela','PE','Brasil','Itabira');
INSERT INTO endereco_pessoa (cpf_pessoa,cep,bairro,complemento,numero,rua,estado,pais,cidade) VALUES ('25422891074','69315-603','Tribess','12 andar',61,'Rua Antônio Dias','CE','Brasil','Ariquemes');
INSERT INTO endereco_pessoa (cpf_pessoa,cep,bairro,complemento,numero,rua,estado,pais,cidade) VALUES ('12479570045','60840-270','Pedrinhas','13 andar',46,'Rua Carmim','CE','Brasil','Porto Velho');
INSERT INTO endereco_pessoa (cpf_pessoa,cep,bairro,complemento,numero,rua,estado,pais,cidade) VALUES ('51388983028','69921-707','Recanto dos Nobres','14 andar',10,'Rua Anitrita','CE','Brasil','Salvador');
INSERT INTO endereco_pessoa (cpf_pessoa,cep,bairro,complemento,numero,rua,estado,pais,cidade) VALUES ('91824783094','54410-615','Feitosa','15 andar',32,'Rua Luiz Rocha','SP','Brasil','Mossoró');
INSERT INTO endereco_pessoa (cpf_pessoa,cep,bairro,complemento,numero,rua,estado,pais,cidade) VALUES ('50768908000','72885-782','Ana Leite','16 andar',34,'Rua das Assucenas','SP','Brasil','Brasília');
INSERT INTO endereco_pessoa (cpf_pessoa,cep,bairro,complemento,numero,rua,estado,pais,cidade) VALUES ('49415932007','76813-510','Alto Maron','17 andar',99,'Travessa Coelho','SP','Brasil','Campo Grande');
INSERT INTO endereco_pessoa (cpf_pessoa,cep,bairro,complemento,numero,rua,estado,pais,cidade) VALUES ('28099786033','58052-140','Jardim Cidade Universitária','15 andar',376,'Rua Pastor Rodolfo Beuttemuller','PB','Brasil','João Pessoa');
INSERT INTO endereco_pessoa (cpf_pessoa,cep,bairro,complemento,numero,rua,estado,pais,cidade) VALUES ('01262277051','29163-391','São Geraldo','perto do apartamento',666,'Rua São Pedro','ES','Brasil','Serra');
INSERT INTO endereco_pessoa (cpf_pessoa,cep,bairro,complemento,numero,rua,estado,pais,cidade) VALUES ('96364634095','98624-394','Copacabana','56 andar',106,'Rua Conde de Bonfim','RJ','Brasil','Rio de Janeiro');

INSERT INTO telefone_pessoa (telefone,cpf_p) VALUES ('551121936752','95259466063');
INSERT INTO telefone_pessoa (telefone,cpf_p) VALUES ('551121317793','15422938046');
INSERT INTO telefone_pessoa (telefone,cpf_p) VALUES ('551180885733','96220527038');
INSERT INTO telefone_pessoa (telefone,cpf_p) VALUES ('553192104913','69701823044');
INSERT INTO telefone_pessoa (telefone,cpf_p) VALUES ('553151713885','74468304090');
INSERT INTO telefone_pessoa (telefone,cpf_p) VALUES ('553125992585','49415932007');
INSERT INTO telefone_pessoa (telefone,cpf_p) VALUES ('558840903665','50768908000');
INSERT INTO telefone_pessoa (telefone,cpf_p) VALUES ('558860865521','91824783094');
INSERT INTO telefone_pessoa (telefone,cpf_p) VALUES ('558825004066','51388983028');
INSERT INTO telefone_pessoa (telefone,cpf_p) VALUES ('558130837014','12479570045');
INSERT INTO telefone_pessoa (telefone,cpf_p) VALUES ('558190965117','25422891074');
INSERT INTO telefone_pessoa (telefone,cpf_p) VALUES ('558184307935','79336210076');
INSERT INTO telefone_pessoa (telefone,cpf_p) VALUES ('553167692976','72901401090');
INSERT INTO telefone_pessoa (telefone,cpf_p) VALUES ('553128028993','70693785055');
INSERT INTO telefone_pessoa (telefone,cpf_p) VALUES ('558151169251','96515507089');
INSERT INTO telefone_pessoa (telefone,cpf_p) VALUES ('558192415325','63586631006');
INSERT INTO telefone_pessoa (telefone,cpf_p) VALUES ('551158406485','40857688081');
INSERT INTO telefone_pessoa (telefone,cpf_p) VALUES ('551154352735','67228546040');
INSERT INTO telefone_pessoa (telefone,cpf_p) VALUES ('558831482041','12562094069');
INSERT INTO telefone_pessoa (telefone,cpf_p) VALUES ('558828923246','25672725007');


INSERT INTO cliente (cpf_p) VALUES ('25672725007');
INSERT INTO cliente (cpf_p) VALUES ('12562094069');
INSERT INTO cliente (cpf_p) VALUES ('67228546040');
INSERT INTO cliente (cpf_p) VALUES ('40857688081');
INSERT INTO cliente (cpf_p) VALUES ('63586631006');


INSERT INTO status (cpf_c,status) VALUES ('25672725007','ATIVO');
INSERT INTO status (cpf_c,status) VALUES ('12562094069','INATIVO');
INSERT INTO status (cpf_c,status) VALUES ('67228546040','ATIVO');
INSERT INTO status (cpf_c,status) VALUES ('40857688081','INATIVO');
INSERT INTO status (cpf_c,status) VALUES ('63586631006','ATIVO');


INSERT INTO id (cpf_c,id) VALUES ('25672725007','111');
INSERT INTO id (cpf_c,id) VALUES ('12562094069','121');
INSERT INTO id (cpf_c,id) VALUES ('67228546040','131');
INSERT INTO id (cpf_c,id) VALUES ('40857688081','141');
INSERT INTO id (cpf_c,id) VALUES ('63586631006','151');


INSERT INTO servico (id) VALUES ('2');
INSERT INTO servico (id) VALUES ('22');
INSERT INTO servico (id) VALUES ('222');
INSERT INTO servico (id) VALUES ('2222');
INSERT INTO servico (id) VALUES ('22222');
INSERT INTO servico (id) VALUES ('3');
INSERT INTO servico (id) VALUES ('33');
INSERT INTO servico (id) VALUES ('333');
INSERT INTO servico (id) VALUES ('3333');
INSERT INTO servico (id) VALUES ('33333');
INSERT INTO servico (id) VALUES ('4');
INSERT INTO servico (id) VALUES ('44');
INSERT INTO servico (id) VALUES ('444');
INSERT INTO servico (id) VALUES ('4444');
INSERT INTO servico (id) VALUES ('44444');
INSERT INTO servico (id) VALUES ('5');
INSERT INTO servico (id) VALUES ('55');
INSERT INTO servico (id) VALUES ('555');
INSERT INTO servico (id) VALUES ('5555');
INSERT INTO servico (id) VALUES ('55555');


INSERT INTO evento (id,cpf_c,id_s,convidados,valor,data,data_admissao) VALUES ('55498','25672725007','2', 101,600,to_date('26/12/2018', 'dd/mm/yy'),to_date('02/06/2018', 'dd/mm/yy'));
INSERT INTO evento (id,cpf_c,id_s,convidados,valor,data,data_admissao) VALUES ('69413','12562094069','22', 45,520,to_date('12/03/2019', 'dd/mm/yy'),to_date('12/09/2018', 'dd/mm/yy'));
INSERT INTO evento (id,cpf_c,id_s,convidados,valor,data,data_admissao) VALUES ('75369','67228546040','222', 68,700,to_date('14/08/2019', 'dd/mm/yy'),to_date('02/11/2017', 'dd/mm/yy'));
INSERT INTO evento (id,cpf_c,id_s,convidados,valor,data,data_admissao) VALUES ('14526','40857688081','2222', 152,1200,to_date('25/11/2019', 'dd/mm/yy'),to_date('29/03/2017', 'dd/mm/yy'));


INSERT INTO endereco_evento (id_e,cep,bairro,complemento,numero,rua,estado,pais,cidade) VALUES ('55498','26064820','Madalena','Ao lado do Compaz','95','Travessa E','Pernambuco','Brasil','Recife');
INSERT INTO endereco_evento (id_e,cep,bairro,complemento,numero,rua,estado,pais,cidade) VALUES ('69413','60341120','Gurupi','Na frente dos correiros','21','Olavo Bilac','Paraiba','Brasil','João Pessoa');
INSERT INTO endereco_evento (id_e,cep,bairro,complemento,numero,rua,estado,pais,cidade) VALUES ('75369','73330026','Teixeirão','Após praça da chesf','56','Osvaldo Sebastião','Rio Grande do Norte','Brasil','Natal');
INSERT INTO endereco_evento (id_e,cep,bairro,complemento,numero,rua,estado,pais,cidade) VALUES ('14526','35065017','Gamboa','A esquerda do mercado','39','Teixeira Ribeiro','Sergipe','Brasil','Aracaju');


INSERT INTO staff (cpf_p,salario) VALUES ('96515507089',1200);
INSERT INTO staff (cpf_p,salario,coordenador_cpf) VALUES ('70693785055',1400,'96515507089');
INSERT INTO staff (cpf_p,salario,coordenador_cpf) VALUES ('72901401090',1600,'70693785055');
INSERT INTO staff (cpf_p,salario,coordenador_cpf) VALUES ('79336210076',1000,'72901401090');
INSERT INTO staff (cpf_p,salario,coordenador_cpf) VALUES ('25422891074',2000,'79336210076');
INSERT INTO staff (cpf_p,salario,coordenador_cpf) VALUES ('28099786033',2600,'25422891074');
INSERT INTO staff (cpf_p,salario,coordenador_cpf) VALUES ('01262277051',2400,'28099786033');
INSERT INTO staff (cpf_p,salario,coordenador_cpf) VALUES ('96364634095',3500,'01262277051');


INSERT INTO funcao (funcao,cpf_s) VALUES ('Cozinheiro','96515507089');
INSERT INTO funcao (funcao,cpf_s) VALUES ('Garçom','70693785055');
INSERT INTO funcao (funcao,cpf_s) VALUES (‘Cozinheiro’,'72901401090');
INSERT INTO funcao (funcao,cpf_s) VALUES ('Recepcionista','79336210076');
INSERT INTO funcao (funcao,cpf_s) VALUES ('Motorista','25422891074');
INSERT INTO funcao (funcao,cpf_s) VALUES ('Cozinheiro','28099786033');
INSERT INTO funcao (funcao,cpf_s) VALUES ('Gerente','01262277051');
INSERT INTO funcao (funcao,cpf_s) VALUES ('Organizador','96364634095');


INSERT INTO tipo_contrato (tipo,cpf_s) VALUES ('Tercerizado','96515507089');
INSERT INTO tipo_contrato (tipo,cpf_s) VALUES ('Contratado','70693785055');
INSERT INTO tipo_contrato (tipo,cpf_s) VALUES ('Terceirizado','72901401090');
INSERT INTO tipo_contrato (tipo,cpf_s) VALUES ('Contratado','79336210076');
INSERT INTO tipo_contrato (tipo,cpf_s) VALUES ('Tercerizado','25422891074');
INSERT INTO tipo_contrato (tipo,cpf_s) VALUES ('Contratado','28099786033');
INSERT INTO tipo_contrato (tipo,cpf_s) VALUES ('Contratado','01262277051');
INSERT INTO tipo_contrato (tipo,cpf_s) VALUES ('Contratado','96364634095');


INSERT INTO utensilio (id,valor,quantidade) VALUES (1,30,5);
INSERT INTO utensilio (id,valor,quantidade) VALUES (2,35,10);
INSERT INTO utensilio (id,valor,quantidade) VALUES (3,40,15);
INSERT INTO utensilio (id,valor,quantidade) VALUES (4,45,20);
INSERT INTO utensilio (id,valor,quantidade) VALUES (5,50,25);


INSERT INTO utilizar (id_u,cpf_s) VALUES (1,'96515507089');
INSERT INTO utilizar (id_u,cpf_s) VALUES (2,'70693785055');
INSERT INTO utilizar (id_u,cpf_s) VALUES (3,'72901401090');
INSERT INTO utilizar (id_u,cpf_s) VALUES (4,'79336210076');
INSERT INTO utilizar (id_u,cpf_s) VALUES (5,'25422891074');


INSERT INTO alimentos (id,nome,valor,peso,quantidade) VALUES (10,'Brigadeiro',2,2,12);
INSERT INTO alimentos (id,nome,valor,peso,quantidade) VALUES (9,'Coxinha',30,5,20);
INSERT INTO alimentos (id,nome,valor,peso,quantidade) VALUES (8,'Bem casado',1,1,80);
INSERT INTO alimentos (id,nome,valor,peso,quantidade) VALUES (7,'Pirulito',2,3,80);
INSERT INTO alimentos (id,nome,valor,peso,quantidade) VALUES (6,'Refrigerante',3,1,1);


INSERT INTO tipo_alimento (tipo,id_a) VALUES ('bebida',6);
INSERT INTO tipo_alimento (tipo,id_a) VALUES ('Comida',7);
INSERT INTO tipo_alimento (tipo,id_a) VALUES ('Comida',8);
INSERT INTO tipo_alimento (tipo,id_a) VALUES ('Comida',9);
INSERT INTO tipo_alimento (tipo,id_a) VALUES ('Comida',10);


INSERT INTO fornece (id_u,id_a) VALUES (1,10);
INSERT INTO fornece (id_u,id_a) VALUES (2,9);
INSERT INTO fornece (id_u,id_a) VALUES (3,8);
INSERT INTO fornece (id_u,id_a) VALUES (4,7);
INSERT INTO fornece (id_u,id_a) VALUES (5,6);


INSERT INTO convidado (nome ,cpf_p ,idade) VALUES ('Gabriel Alvez','74468304090','20');
INSERT INTO convidado (nome ,cpf_p ,idade) VALUES ('Germano Pires','69701823044','19');
INSERT INTO convidado (nome ,cpf_p ,idade) VALUES ('Douglas Felipe','96220527038','21');
INSERT INTO convidado (nome ,cpf_p ,idade) VALUES ('Joao Placido','15422938046','22');
INSERT INTO convidado (nome ,cpf_p ,idade) VALUES ('Carlos Menezes','95259466063','24');

